<?xml version="1.0" encoding="UTF-8"?>

<mule xmlns:ee="http://www.mulesoft.org/schema/mule/ee/core" xmlns:http="http://www.mulesoft.org/schema/mule/http"
	xmlns="http://www.mulesoft.org/schema/mule/core"
	xmlns:doc="http://www.mulesoft.org/schema/mule/documentation" xmlns:xsi="http://www.w3.org/2001/XMLSchema-instance" xsi:schemaLocation="http://www.mulesoft.org/schema/mule/core http://www.mulesoft.org/schema/mule/core/current/mule.xsd
http://www.mulesoft.org/schema/mule/http http://www.mulesoft.org/schema/mule/http/current/mule-http.xsd
http://www.mulesoft.org/schema/mule/ee/core http://www.mulesoft.org/schema/mule/ee/core/current/mule-ee.xsd">
	<http:listener-config name="HTTP_Listener_config" doc:name="HTTP Listener config" doc:id="5145dcf1-c8bb-4587-9034-6a2b6f10e7ac" >
		<http:listener-connection host="0.0.0.0" port="8081" />
	</http:listener-config>
	<flow name="flowoneFlow" doc:id="a238ce7c-1884-44d6-8b51-79d02642c6e1" >
		<http:listener doc:name="GET /flowone" doc:id="26c67be1-807f-4c89-8256-9734a48537b4" config-ref="HTTP_Listener_config" path="/flowone" allowedMethods="GET"/>
		<flow-ref doc:name="Flow Reference" doc:id="f417d3d1-061a-4562-a320-44bdd61d841f" name="flowoneFlow1"/>
		<set-payload value="flow 1 payload" doc:name="Flowone" doc:id="29df0159-2369-4343-8862-c4637ee9df2f" />
	</flow>
	<flow name="flowoneFlow1" doc:id="c8413a09-54bc-4f04-ba1d-8791df3372e4" >
		<http:listener doc:name="GET /flowtwo" doc:id="98e7b1fa-53dd-489c-b180-84914976f082" config-ref="HTTP_Listener_config" path="/flowtwo"/>
		<ee:transform doc:name="Transform Message" doc:id="00f892b9-e47b-4c3a-b39e-d5ad8c6aa683" >
			<ee:message >
				<ee:set-payload ><![CDATA[%dw 2.0
import * from dw::Runtime
output application/java
---
{
	"user" : 1
}
wait 5000]]></ee:set-payload>
			</ee:message>
		</ee:transform>
		<logger level="INFO" doc:name="Logger" doc:id="0644dd49-f678-498e-b8cc-1e05339f2022" message="Flowtwo invoked from flowone" doc:description="Flowtwo logger message-  invoked logic from flowone "/>
		<set-payload value="Flow 2 payload" doc:name="flowtwo" doc:id="22bb1638-8920-43b6-a579-cd00977e1dbd" />
	</flow>
	<flow name="Privateflow" doc:id="1a965286-5ade-4e40-a8e6-134f583624e7" >
		<ee:transform doc:name="Transform Message" doc:id="2ff99511-e738-4de0-a78d-1fcf021f5e13" >
			<ee:message >
				<ee:set-payload ><![CDATA[%dw 2.0
import * from dw::Runtime
output application/java
---
{
	"user" : 1
}
wait 5000]]></ee:set-payload>
			</ee:message>
		</ee:transform>
		<logger level="INFO" doc:name="Logger" doc:id="2df1c379-d3bf-4f53-90ae-29fa0a23e3fa" message="private log"/>
	</flow>
</mule>
