<?xml version="1.0" encoding="UTF-8"?>

<mule xmlns:ee="http://www.mulesoft.org/schema/mule/ee/core" xmlns:http="http://www.mulesoft.org/schema/mule/http"
	xmlns="http://www.mulesoft.org/schema/mule/core"
	xmlns:doc="http://www.mulesoft.org/schema/mule/documentation" xmlns:xsi="http://www.w3.org/2001/XMLSchema-instance" xsi:schemaLocation="http://www.mulesoft.org/schema/mule/core http://www.mulesoft.org/schema/mule/core/current/mule.xsd
http://www.mulesoft.org/schema/mule/http http://www.mulesoft.org/schema/mule/http/current/mule-http.xsd
http://www.mulesoft.org/schema/mule/ee/core http://www.mulesoft.org/schema/mule/ee/core/current/mule-ee.xsd">
	<http:listener-config name="HTTP_Listener_config" doc:name="HTTP Listener config" doc:id="44db5063-88e4-4ffe-a743-2acd40127ab5" >
		<http:listener-connection host="0.0.0.0" port="8081" />
	</http:listener-config>
	<flow name="PostFlightFlow" doc:id="66546251-854e-4a72-bae9-90c462363ebd" >
		<http:listener doc:name="Listener" doc:id="dabfe54c-0375-49cf-88f0-a6bd3c6ea957" config-ref="HTTP_Listener_config" path="/flights" allowedMethods="POST"/>
		<ee:transform doc:name="Transform Message" doc:id="e2a9ca18-5a1f-4965-9e77-018b111012c1" >
			<ee:message >
				<ee:set-payload ><![CDATA[%dw 2.0
output application/java
---
payload
]]></ee:set-payload>
				<ee:set-attributes resource="java_1.dwl" />
			</ee:message>
			<ee:variables >
				<ee:set-variable resource="java_1.dwl" variableName="java_1.dwl" />
			</ee:variables>
		</ee:transform>
		<logger level="INFO" doc:name="Logger" doc:id="dac67aed-b6b7-44ac-8fbd-c0de93973d3c" />
	</flow>
</mule>
