<?xml version='1.0' encoding='UTF-8'?>
<types:mule xmlns:types="http://www.mulesoft.org/schema/mule/types">
  <types:catalog>
    <types:type name="auto_c8413a09-54bc-4f04-ba1d-8791df3372e4_Input-Attributes" format="java">
      <types:shape format="weave" example="weave/autogenerated/c8413a09-54bc-4f04-ba1d-8791df3372e4/Input-Attributes.wev" autogeneratedOrigin="f417d3d1-061a-4562-a320-44bdd61d841f"><![CDATA[%dw 2.0

type auto_c8413a09_54bc_4f04_ba1d_8791df3372e4_Input_Attributes = {|
  listenerPath: String, 
  rawRequestPath: String, 
  relativePath: String, 
  maskedRequestPath: String, 
  version: String, 
  scheme: String, 
  method: String, 
  requestUri: String, 
  rawRequestUri: String, 
  queryString: String, 
  localAddress: String, 
  remoteAddress: String, 
  clientCertificate?: java_security_cert_Certificate, 
  queryParams: { _?: String }, 
  uriParams: { _?: String }, 
  requestPath: String, 
  headers: { _?: String }
|} {"typeAlias": "HttpRequestAttributes",
"typeId": "org.mule.extension.http.api.HttpRequestAttributes"}
type java_security_cert_Certificate = {|
  encoded?: Binary, 
  publicKey?: java_security_PublicKey, 
  "type"?: String
|} {"typeAlias": "Certificate",
"typeId": "java.security.cert.Certificate"}
type java_security_PublicKey = {|  |} {"typeAlias": "PublicKey",
"typeId": "java.security.PublicKey"}





]]></types:shape>
    </types:type>
    <types:type name="auto_c8413a09-54bc-4f04-ba1d-8791df3372e4_Output-Attributes" format="java">
      <types:shape format="weave" example="weave/autogenerated/c8413a09-54bc-4f04-ba1d-8791df3372e4/Output-Attributes.wev" autogeneratedOrigin="f417d3d1-061a-4562-a320-44bdd61d841f"><![CDATA[%dw 2.0

type auto_c8413a09_54bc_4f04_ba1d_8791df3372e4_Output_Attributes = {|
  listenerPath: String, 
  rawRequestPath: String, 
  relativePath: String, 
  maskedRequestPath: String, 
  version: String, 
  scheme: String, 
  method: String, 
  requestUri: String, 
  rawRequestUri: String, 
  queryString: String, 
  localAddress: String, 
  remoteAddress: String, 
  clientCertificate?: java_security_cert_Certificate, 
  queryParams: { _?: String }, 
  uriParams: { _?: String }, 
  requestPath: String, 
  headers: { _?: String }
|} {"typeAlias": "HttpRequestAttributes",
"typeId": "org.mule.extension.http.api.HttpRequestAttributes"}
type java_security_cert_Certificate = {|
  encoded?: Binary, 
  publicKey?: java_security_PublicKey, 
  "type"?: String
|} {"typeAlias": "Certificate",
"typeId": "java.security.cert.Certificate"}
type java_security_PublicKey = {|  |} {"typeAlias": "PublicKey",
"typeId": "java.security.PublicKey"}





]]></types:shape>
    </types:type>
    <types:type name="auto_c8413a09-54bc-4f04-ba1d-8791df3372e4_Output-Payload" format="java">
      <types:shape format="raml" autogeneratedOrigin="f417d3d1-061a-4562-a320-44bdd61d841f"><![CDATA[#%RAML 1.0 DataType
type: string]]></types:shape>
    </types:type>
    <types:type name="auto_c8413a09-54bc-4f04-ba1d-8791df3372e4_Input-Payload" format="java">
      <types:shape format="weave" example="weave/autogenerated/c8413a09-54bc-4f04-ba1d-8791df3372e4/Input-Payload.wev" autogeneratedOrigin="f417d3d1-061a-4562-a320-44bdd61d841f"><![CDATA[%dw 2.0

type auto_c8413a09_54bc_4f04_ba1d_8791df3372e4_Input_Payload = Any

]]></types:shape>
    </types:type>
  </types:catalog>
  <types:enrichment select="#c8413a09-54bc-4f04-ba1d-8791df3372e4">
    <types:processor-declaration>
      <types:input-event>
        <types:message>
          <types:payload type="auto_c8413a09-54bc-4f04-ba1d-8791df3372e4_Input-Payload"/>
          <types:attributes type="auto_c8413a09-54bc-4f04-ba1d-8791df3372e4_Input-Attributes"/>
        </types:message>
      </types:input-event>
      <types:output-event>
        <types:message>
          <types:payload type="auto_c8413a09-54bc-4f04-ba1d-8791df3372e4_Output-Payload"/>
          <types:attributes type="auto_c8413a09-54bc-4f04-ba1d-8791df3372e4_Output-Attributes"/>
        </types:message>
      </types:output-event>
    </types:processor-declaration>
  </types:enrichment>
</types:mule>